FuelType,Car Brand,Car Model,Periodic Service Price GaadiMech,Express Service Price GaadiMech,Discounted Price,Comprehensive Service Price GaadiMech,Dent & Paint Price GaadiMech,Dent and Paint Full Body,
petrol,Maruti,800,2599,2899,2599,3399,2199,20000,2799
petrol,Maruti,Alto,2599,2899,2599,3899,2299,20000,2799
petrol,Maruti,Alto K10,2699,2999,2699,3499,2299,20000,2899
petrol,Maruti,A-Star,2799,3099,2799,4099,2199,22000,2999
petrol,Maruti,Baleno,2999,3299,2999,4999,2599,22000,3199
petrol,Maruti,Celerio,2799,3199,2899,4499,2299,22000,3099
petrol,Maruti,Ciaz,3399,3699,3399,4999,2499,22000,3599
petrol,Maruti,Eeco,3099,3399,3099,4299,2499,24000,3299
petrol,Maruti,Esteem,3099,3499,3199,4099,2499,22000,3399
petrol,Maruti,Ertiga,3599,3899,3599,4299,2499,20000,3799
petrol,Maruti,Estilo,2799,3099,2799,4099,2399,20000,2999
petrol,Maruti,Fronx,2999,3299,2999,4999,2599,22000,3199
petrol,Maruti,Grand Vitara,3899,4099,3799,5599,2599,22800,3999
petrol,Maruti,Gypsy,3899,4199,3899,5499,2499,20900,4099
petrol,Maruti,Kizashi,4999,5199,4899,6299,2599,20900,5099
petrol,Maruti,Omni,2799,3099,2799,3899,2399,20900,2999
petrol,Maruti,Ritz,2799,3099,2799,4299,2199,20900,2999
petrol,Maruti,S-Cross,3399,3699,3399,4599,2499,22800,3599
petrol,Maruti,Swift,2999,3299,2999,4599,2499,20900,3199
petrol,Maruti,Swift Dzire,3199,3499,3199,4599,2499,20900,3399
petrol,Maruti,SX4,3399,3699,3399,4999,2499,20900,3599
petrol,Maruti,WagonR,2599,3099,2799,3899,2299,20900,2999
petrol,Maruti,Zen,2699,3099,2799,4299,2199,20900,2999
petrol,Maruti,Vitara Brezza,3699,3999,3699,4999,2699,22800,3899
petrol,Maruti,Ignis,2799,3099,2799,4099,2499,20900,2999
petrol,Maruti,S-Presso,2799,3099,2799,4899,2499,20900,2999
petrol,Hyundai,Accent,3199,3499,3199,4499,2499,22800,3399
petrol,Hyundai,Accent-Viva,3199,3499,3199,4499,2499,24000,3399
petrol,Hyundai,Alcazar,4599,4599,4199,6999,2999,28000,4399
petrol,Hyundai,Creta,3899,4099,3799,5099,2699,25000,3999
petrol,Hyundai,Elantra,3899,4199,3899,5299,2499,26000,4099
petrol,Hyundai,Elite-i20,3199,3499,3199,3999,2399,24000,3399
petrol,Hyundai,Eon,2499,2799,2499,3899,2299,20000,2699
petrol,Hyundai,Getz,2899,3199,2899,4199,2499,20000,3099
petrol,Hyundai,Getz-Prime,2899,3199,2899,5499,2499,22000,3099
petrol,Hyundai,Grand-i10,2899,3199,2899,4399,2299,22000,3099
petrol,Hyundai,i10,2499,2799,2499,4199,2299,22000,2699
petrol,Hyundai,i20 Active,3199,3499,3199,4199,2399,24000,3399
petrol,Hyundai,Santa Fe,5999,6099,5799,8899,2499,30000,5999
petrol,Hyundai,Santro Xing,2699,2999,2699,4099,2199,20000,2899
petrol,Hyundai,Sonata,3999,4199,3899,5799,2499,27000,4099
petrol,Hyundai,Sonata Embera,3899,4199,3899,5299,2499,27000,4099
petrol,Hyundai,Sonata Transform,3899,4199,3899,5299,2499,27000,4099
petrol,Hyundai,Verna,3599,3899,3599,4699,2499,24000,3799
petrol,Hyundai,Verna Fluidic,3899,4099,3799,5699,2499,24000,3999
petrol,Hyundai,Verna Transform,3899,4099,3799,4799,2499,24000,3999
petrol,Hyundai,Xcent,2999,3299,2999,4399,2499,22000,3199
petrol,Hyundai,Venue,3399,3699,3399,5399,2699,24000,3599
petrol,Hyundai,Santro,2699,2999,2699,4099,2199,20000,2899
petrol,Hyundai,Aura,2999,3299,2999,4299,2299,22000,3199
petrol,Honda,Accord,4199,4499,4199,6899,2599,26000,4399
petrol,Honda,Amaze,3399,3699,3399,5499,2599,24000,3599
petrol,Honda,Brio,2799,3099,2799,4799,2499,20000,2999
petrol,Honda,City,3699,3899,3599,6599,2599,24000,3799
petrol,Honda,City i-VTEC,3699,3899,3599,6599,2599,25000,3799
petrol,Honda,City ZX,3699,3899,3599,5699,2499,25000,3799
petrol,Honda,Civic,3699,3899,3599,6699,2799,26000,3799
petrol,Honda,Crv,4699,4499,4199,6299,2799,28000,4399
petrol,Honda,Jazz,3399,3699,3399,5699,2499,25000,3599
petrol,Honda,WR-V,3399,3699,3399,5699,2499,25000,3599
petrol,Honda,Mobilio,3899,4099,3799,5499,2699,25000,3999
petrol,Toyota,Camry,6199,6499,6199,8399,2599,25000,6399
petrol,Toyota,Corolla,4199,4399,4099,6399,2499,28000,4299
petrol,Toyota,Corolla-Altis,4199,4399,4099,6499,2499,28000,4299
petrol,Toyota,Etios,3699,3899,3599,4499,2499,24000,3799
petrol,Toyota,Etios Cross,3599,3799,3499,4499,2499,22000,3699
petrol,Toyota,Etios Liva,3599,3799,3499,4499,2499,22000,3699
petrol,Toyota,Fortuner,6099,6199,5899,8899,2899,32000,6099
petrol,Toyota,Innova,5399,5499,5499,7199,2899,30000,5699
petrol,Toyota,Land Cruiser,#N/A,#N/A,200,,2799,40000,400
petrol,Toyota,Innova Crysta,5599,5699,5499,7299,2799,30000,5699
petrol,Toyota,Yaris,3699,3899,3599,6499,2499,24000,3799
petrol,Toyota,Glanza,3199,3399,3099,5099,2499,22000,3299
petrol,Toyota,Qualis,5199,5399,5099,7799,2699,28000,5299
petrol,Toyota,Urban Cruiser,3899,4099,3799,5099,2499,25000,3999
petrol,Toyota,Sera,5299,5399,5099,6499,2499,24000,5299
petrol,Mahindra,Bolero,#N/A,#N/A,200,,2699,28000,400
petrol,Mahindra,Quanto,#N/A,#N/A,200,,2699,25000,400
petrol,Mahindra,Scorpio,#N/A,#N/A,200,,2899,30000,400
petrol,Mahindra,Scorpio Getaway,#N/A,#N/A,200,,2899,30000,400
petrol,Mahindra,Thar,5599,5699,5699,8499,2699,26000,5899
petrol,Mahindra,Verito,3799,3899,3599,6699,2499,25000,3799
petrol,Mahindra,XUV500,5499,5699,5999,7299,2999,30000,6199
petrol,Mahindra,Xylo,#N/A,#N/A,200,,2699,26000,400
petrol,Mahindra,TUV300,#N/A,#N/A,200,,2699,30000,400
petrol,Mahindra,KUV100,3099,3499,3199,4299,2499,20000,3399
petrol,Mahindra,Nuvosport,4099,4399,4099,5499,2499,25000,4299
petrol,Mahindra,Logan,3599,3899,3599,5699,2499,25000,3799
petrol,Mahindra,Marazzo,#N/A,#N/A,200,,2899,30000,400
petrol,Mahindra,XUV300,3999,4199,4499,5499,2699,#N/A,4699
petrol,Mahindra,3XO,3999,4199,3899,5499,2699,#N/A,4099
petrol,Mahindra,Bolero Camper,#N/A,#N/A,200,,2699,29000,400
petrol,Mahindra,Bolero Pickup,#N/A,#N/A,200,,2699,29000,400
petrol,Tata,Aria,5299,5499,5199,7299,2599,27000,5399
petrol,Tata,Bolt,3399,3699,3399,4199,2499,24000,3599
petrol,Tata,Indica,3399,3699,3399,4199,2199,20000,3599
petrol,Tata,Indica eV2,3399,3699,3399,4199,2199,20000,3599
petrol,Tata,Indica V2,3399,3699,3399,4199,2199,20000,3599
petrol,Tata,Indica Vista,3399,3699,3399,4199,2199,22000,3599
petrol,Tata,Indigo,3499,3799,3499,4199,2499,24000,3699
petrol,Tata,Indigo CS,3499,3799,3499,4199,2499,24000,3699
petrol,Tata,Indigo eCS,3499,3799,3499,4199,2499,24000,3699
petrol,Tata,Indigo Marina,3499,3799,3499,4199,2499,24000,3699
petrol,Tata,Indigo XL,3499,3799,3499,4199,2499,24000,3699
petrol,Tata,Manza,3499,3799,3499,4699,2499,24000,3699
petrol,Tata,Nano,2699,2899,2599,3499,1999,18000,2799
petrol,Tata,Nano GenX,2699,3099,2799,3499,1999,19000,2999
petrol,Tata,Safari,#N/A,#N/A,,,2899,30000,200
petrol,Tata,Safari Storme,#N/A,#N/A,,,2899,30000,200
petrol,Tata,Sumo Gold,#N/A,#N/A,,,2699,30000,200
petrol,Tata,Sumo Grande,#N/A,#N/A,,,2699,30000,200
petrol,Tata,Sumo Spacio,#N/A,#N/A,,,2699,30000,200
petrol,Tata,Sumo Victa,#N/A,#N/A,,,2699,30000,200
petrol,Tata,Zest,3899,4099,3799,4699,2499,24000,3999
petrol,Tata,Tiago,3399,3699,3399,4299,2599,24000,3599
petrol,Tata,Nexon,3999,4199,3899,5499,2499,25000,4099
petrol,Tata,Tigor,3499,3799,3499,4299,2499,24000,3699
petrol,Tata,Hexa,6599,6499,6599,11599,2599,27000,6799
petrol,Tata,Venture,#N/A,#N/A,200,,2699,30000,400
petrol,Tata,Winger,#N/A,#N/A,200,,2499,30000,400
petrol,Tata,Harrier,5299,5399,5099,7199,2799,30000,5299
petrol,Tata,Punch,3499,3699,3399,4299,2499,24000,3599
petrol,Tata,Xenon,#N/A,#N/A,200,,2899,25000,400
petrol,Tata,Altroz,3199,3499,3199,4099,2399,22000,3399
petrol,Tata,Tiago NRG,3399,3699,3399,4299,2499,22000,3599
petrol,Ford,EcoSport,3999,4299,3999,5499,2799,25000,4199
petrol,Ford,Endeavour,#N/A,#N/A,200,,2799,30000,400
petrol,Ford,Escort,3899,4099,3799,5599,2699,24000,3999
petrol,Ford,Fiesta,3699,3899,3599,5799,2499,24000,3799
petrol,Ford,Fiesta Classic,3699,3899,3599,5799,2499,24000,3799
petrol,Ford,Figo,2999,3299,2999,5499,2199,24000,3199
petrol,Ford,Figo Aspire,3599,3899,3599,5699,2499,24000,3799
petrol,Chevrolet,Aveo,3799,4099,3799,5399,2499,25000,3999
petrol,Chevrolet,Beat,2799,2999,2699,4899,2199,20000,2899
petrol,Chevrolet,Captiva,#N/A,#N/A,200,,2599,27000,400
petrol,Chevrolet,Cruze,4499,4499,4199,7399,2599,26000,4399
petrol,Chevrolet,Enjoy,4099,4299,3999,5899,2499,25000,4199
petrol,Chevrolet,Optra,4399,4499,4199,6199,2499,25000,4399
petrol,Chevrolet,Optra Magnum,4399,4599,4299,6199,2499,25000,4499
petrol,Chevrolet,Optra SRV,4199,4399,4099,6099,2499,25000,4299
petrol,Chevrolet,Sail,3699,3999,3699,5399,2399,24000,3899
petrol,Chevrolet,Sail Hatchback,3499,3799,3499,5299,2399,24000,3699
petrol,Chevrolet,Spark,2999,3099,2799,4299,2199,20000,2999
petrol,Chevrolet,Tavera,#N/A,#N/A,200,,2699,27000,400
petrol,Chevrolet,Uva,3799,4099,3799,5299,2399,24000,3999
petrol,Chevrolet,Trailblazer,#N/A,#N/A,200,,2599,27000,400
petrol,Kia,Seltos,3899,4099,3999,5199,2699,25000,4199
petrol,Kia,Sonet,3399,3699,3599,5499,2699,24000,3799
petrol,Kia,Carnival,6599,6499,6999,8899,2899,30000,7199
petrol,Kia,Carens,3999,4099,3799,5099,2599,25000,3999
petrol,Skoda,Fabia,3999,4099,3799,7099,2499,22000,3999
petrol,Skoda,Fabia Scout,3999,4099,3799,7099,2499,22000,3999
petrol,Skoda,Laura,4599,4699,4399,6099,2499,27000,4599
petrol,Skoda,Octavia,5299,5499,5199,7099,2499,27000,5399
petrol,Skoda,Rapid,4599,4699,4599,7199,2499,25000,4799
petrol,Skoda,Superb,6499,6499,6199,8299,2599,27000,6399
petrol,Skoda,Yeti,4599,4699,4399,6999,2599,25000,4599
petrol,Skoda,Slavia,4999,4999,4699,8999,2799,25000,4899
petrol,Skoda,Kushaq,4999,4999,4699,8899,2799,26000,4899
petrol,Skoda,Kodiaq,5999,6199,5999,8899,2899,26000,6199
petrol,Volkswagen,CrossPolo,4199,4199,3899,5899,2499,24000,4099
petrol,Volkswagen,Jetta,5299,5399,5099,7199,2499,28000,5299
petrol,Volkswagen,Passat,5699,5699,5399,7199,2599,28000,5599
petrol,Volkswagen,Polo,4199,4199,3899,5899,2599,24000,4099
petrol,Volkswagen,Vento,4599,4699,4399,6499,2499,26000,4599
petrol,Volkswagen,Ameo,4299,4499,4199,5999,2499,24000,4399
petrol,Volkswagen,Beetle,10599,10499,10199,14599,2699,35000,10399
petrol,Volkswagen,Tiguan,#N/A,#N/A,200,,2599,26000,400
petrol,Volkswagen,T-Roc,5999,6199,5899,8899,2799,28000,6099
petrol,Volkswagen,Taigun,5999,6199,5899,8899,2799,27000,6099
petrol,Volkswagen,Virtus,4999,4999,4699,8999,2799,26000,4899
petrol,MG,Hector,6599,6499,6199,8899,2799,27000,6399
petrol,MG,Gloster,#N/A,#N/A,200,,2899,35000,400
petrol,MG,Astor,6599,6499,6199,8899,2899,26000,6399
petrol,MG,Hector Plus,6599,6499,6199,8899,2799,27000,6399
petrol,Citroen,C5 Aircross,#N/A,#N/A,200,,2799,27000,400
petrol,Citroen,C3,3999,4199,3899,5499,2699,25000,4099
petrol,Jeep,Compass,5199,5099,5199,8899,2799,28000,5399
petrol,Fiat,Adventure,3899,4099,3799,5299,2499,23000,3999
petrol,Fiat,Avventura,3899,4099,3799,5299,2499,23000,3999
petrol,Fiat,Linea,4199,4199,3899,5499,2499,25000,4099
petrol,Fiat,Linea Classic,4099,4399,4099,5499,2499,25000,4299
petrol,Fiat,Palio D,3699,3999,3699,5499,2499,24000,3899
petrol,Fiat,Palio Stile,3699,3999,3699,5499,2499,24000,3899
petrol,Fiat,Petra,3899,4099,3799,5499,2499,24000,3999
petrol,Fiat,Punto,3099,3399,3099,5099,4299,22000,3299
petrol,Fiat,Punto Evo,3599,3899,3599,5099,2499,22000,3799
petrol,Fiat,Uno,3599,3899,3599,5099,2499,24000,3799
petrol,Fiat,Abarth Punto,3699,3999,3699,5099,2499,24000,3899
petrol,Nissan,Evalia,#N/A,#N/A,200,,2499,27000,400
petrol,Nissan,Micra,3199,3499,3199,5199,2199,22000,3399
petrol,Nissan,Micra Active,3199,3499,3199,5199,2199,22000,3399
petrol,Nissan,Sunny,4399,4499,4199,5899,2499,24000,4399
petrol,Nissan,Teana,5099,5299,4999,6899,2499,25000,5199
petrol,Nissan,Terrano,4599,4499,4199,8299,2699,26000,4399
petrol,Nissan,X-Trail,#N/A,#N/A,200,,2899,28000,400
petrol,Nissan,Gtr,28199,26999,26699,33299,4299,55000,26899
petrol,Nissan,Kicks,3999,4099,3799,5199,2699,25000,3999
petrol,Nissan,Magnite,4199,4499,3999,5499,2699,25000,4199
petrol,Renault,Duster,4599,4499,4199,5299,2899,25000,4399
petrol,Renault,Fluence,4399,4499,4199,5899,2499,25000,4399
petrol,Renault,Koleos,#N/A,#N/A,200,,2799,25000,400
petrol,Renault,Lodgy,#N/A,#N/A,200,,2699,26000,400
petrol,Renault,Pulse,3699,3899,3599,5099,2499,24000,3799
petrol,Renault,Scala,4399,4499,4199,5899,2499,25000,4399
petrol,Renault,Kwid,2999,3399,3099,5099,2599,22000,3299
petrol,Renault,Triber,3999,4099,3799,5099,2499,24000,3999
petrol,Renault,Kiger,4599,4499,4199,5499,2699,25000,4399
petrol,Isuzu,MU-X,#N/A,#N/A,200,,2799,40000,400
petrol,Volvo,Xc60,18999,17499,17199,21499,4299,40000,17399
petrol,Volvo,Xc90,19999,18499,18199,25099,4699,40000,18399
petrol,Volvo,S90,19999,18499,18199,21899,4299,35000,18399
petrol,Volvo,S60,16999,15499,15199,20699,3999,35000,15399
petrol,Volvo,S60 Cross Country,16999,15499,15199,20899,3999,35000,15399
petrol,Volvo,S80,21999,20499,20199,26699,4299,35000,20399
petrol,Volvo,V40,15999,15499,15199,20699,3799,40000,15399
petrol,Volvo,V40 Cross Country,15999,15499,15199,20899,3799,40000,15399
petrol,Volvo,S40,15999,15499,15199,19899,3999,40000,15399
petrol,Volvo,V60,16999,16499,16199,21699,3999,40000,16399
petrol,Volvo,V90,19999,19499,19199,22299,4699,50000,19399
petrol,BMW,3 Series,16999,15499,15199,20899,3999,35000,15399
petrol,BMW,5 Series,16999,16499,16199,21899,4299,35000,16399
petrol,BMW,7 Series,19999,19499,19199,23899,4299,45000,19399
petrol,BMW,X1,15599,15499,15199,20899,4299,40000,15399
petrol,BMW,X3,16399,15899,15599,21899,4299,45000,15799
petrol,BMW,X5,19999,18499,18199,23899,4699,45000,18399
petrol,BMW,X7,24999,23499,23199,25499,4699,55000,23399
petrol,BMW,1 Series,15299,15099,14799,20899,3999,35000,14999
petrol,BMW,3 Series GT,15299,15099,14799,20899,3999,35000,14999
petrol,BMW,5 Series GT,17999,16499,16199,21899,4299,40000,16399
petrol,BMW,6 Series,17999,17499,17199,23299,4299,40000,17399
petrol,BMW,M3,21899,20999,20699,27299,3999,35000,20899
petrol,BMW,M5,21899,20999,20699,26499,4299,40000,20899
petrol,BMW,X6,19999,19499,19199,25499,4699,45000,19399
petrol,BMW,Z4,19899,19199,18899,27099,3999,45000,19099
petrol,BMW,X4,16399,15899,15599,21899,4299,45000,15799
petrol,BMW,6 Series GT,18699,18099,17799,22899,4299,45000,17999
petrol,BMW,2 Series,15299,14899,14599,20899,3999,45000,14799
petrol,Mercedes,A-Class,15299,14899,14599,20899,3799,35000,14799
petrol,Mercedes,AMG GT,23999,23499,23199,24899,4299,35000,23399
petrol,Mercedes,B-Class,15299,14899,14599,20899,3799,40000,14799
petrol,Mercedes,CLA-Class,15999,15499,15199,21499,3999,35000,15399
petrol,Mercedes,CLS-Class,16999,16499,16199,23199,4299,38000,16399
petrol,Mercedes,E-Class,15999,15499,15199,20099,4299,40000,15399
petrol,Mercedes,G63 AMG,22999,22499,22199,25499,4699,35000,22399
petrol,Mercedes,GL-Class,19799,19099,18799,29099,4699,40000,18999
petrol,Mercedes,GLA-Class,15299,14899,14599,19299,4299,35000,14799
petrol,Mercedes,GLE-Class,18699,18099,17799,22499,4299,40000,17999
petrol,Mercedes,ML-Class,18699,18099,17799,22499,4699,42000,17999
petrol,Mercedes,S-Class,18699,18099,17799,22499,4299,45000,17999
petrol,Mercedes,SLK-Class,18699,18099,17799,22899,3999,40000,17999
petrol,Mercedes,R-Class,18699,18099,17799,22899,4299,45000,17999
petrol,Mercedes,V-Class,,,200,,4699,45000,400
petrol,Mercedes,Glc,15999,15499,15199,20899,4299,40000,15399
petrol,Mercedes,Gls,20799,19999,19699,26299,4699,45000,19899
petrol,Mercedes,GLE43 AMG,35299,33599,33299,40899,4699,45000,33499
petrol,Audi,A3,14499,14499,14199,19899,3999,35000,14399
petrol,Audi,A4,14499,14499,14199,20899,3999,35000,14399
petrol,Audi,A6,15999,14999,14699,21899,4299,40000,14899
petrol,Audi,A7,16599,16099,15799,23099,4299,40000,15999
petrol,Audi,A8,19799,19099,18799,29099,4299,40000,18999
petrol,Audi,A8 L,19799,19099,18799,29099,4299,40000,18999
petrol,Audi,Q3,14499,14499,14199,20899,4299,35000,14399
petrol,Audi,Q5,15499,14999,14699,21899,4299,38000,14899
petrol,Audi,Q7,18999,17499,17199,25499,4699,45000,17399
petrol,Audi,R8,39999,36499,36199,46499,4299,45000,36399
petrol,Audi,Tt,19799,19099,18799,23299,3999,50000,18999
petrol,Audi,Q8,23999,22499,22199,24699,4699,50000,22399
petrol,Audi,Rs5,19799,19099,18799,27499,4299,50000,18999
petrol,Audi,Rs3,17499,16899,16599,22299,3999,50000,16799
petrol,Audi,Rs7,22999,22099,21799,28099,4299,50000,21999
petrol,Audi,Q2,15299,14899,14599,21099,3799,40000,14799
petrol,Audi,S4,16399,15899,15599,21899,3999,50000,15799
petrol,Audi,A5,16399,15899,15599,22299,3999,50000,15799
petrol,Jaguar,F-Type,21999,20499,20199,29299,4299,45000,20399
petrol,Jaguar,Xe,15999,15499,15199,20699,3999,40000,15399
petrol,Jaguar,Xf,16999,16499,16199,21899,4299,40000,16399
petrol,Jaguar,Xj,17999,17499,17199,23299,4299,40000,17399
petrol,Jaguar,F-Pace,16999,16499,16199,21899,4299,45000,16399
petrol,Jaguar,Xjr,16999,16499,16199,21899,4299,50000,16399
Diesel,Maruti,800,#N/A,#N/A,200,,2199,#N/A,400
Diesel,Maruti,Alto,#N/A,#N/A,200,,2299,#N/A,400
Diesel,Maruti,Alto K10,#N/A,#N/A,200,,2299,#N/A,400
Diesel,Maruti,A-Star,#N/A,#N/A,200,,2199,#N/A,400
Diesel,Maruti,Baleno,3099,3399,3099,5099,2599,#N/A,3299
Diesel,Maruti,Celerio,2999,3299,2999,4499,2299,#N/A,3199
Diesel,Maruti,Ciaz,3699,3899,3599,5399,2499,#N/A,3799
Diesel,Maruti,Eeco,#N/A,#N/A,200,,2499,#N/A,400
Diesel,Maruti,Esteem,#N/A,#N/A,200,,2499,#N/A,400
Diesel,Maruti,Ertiga,3899,4199,3899,5899,2499,#N/A,4099
Diesel,Maruti,Estilo,#N/A,#N/A,200,,2399,#N/A,400
Diesel,Maruti,Grand Vitara,3999,4099,3799,6899,2599,#N/A,3999
Diesel,Maruti,Gypsy,4599,4799,4499,6699,2499,#N/A,4699
Diesel,Maruti,Kizashi,4899,5099,4799,6999,2599,#N/A,4999
Diesel,Maruti,Omni,#N/A,#N/A,200,,2399,#N/A,400
Diesel,Maruti,Ritz,3199,3499,3199,4499,2199,#N/A,3399
Diesel,Maruti,S-Cross,3799,4199,3899,5499,2499,#N/A,4099
Diesel,Maruti,Swift,2999,3299,2999,4599,2499,#N/A,3199
Diesel,Maruti,Swift Dzire,3199,3499,3199,4999,2499,#N/A,3399
Diesel,Maruti,SX4,3499,3699,3399,6099,2499,#N/A,3599
Diesel,Maruti,WagonR,#N/A,#N/A,200,,2299,#N/A,400
Diesel,Maruti,Zen,#N/A,#N/A,200,,2199,#N/A,400
Diesel,Maruti,Vitara Brezza,3799,3899,3599,5499,2699,#N/A,3799
Diesel,Maruti,Ignis,2999,3299,2999,5599,2499,#N/A,3199
Diesel,Maruti,S-Presso,2999,3299,2999,6099,2499,#N/A,3199
Diesel,Hyundai,Accent,3599,3899,3599,4699,2499,25550,3799
Diesel,Hyundai,Accent-Viva,3699,3899,3599,7499,2499,#N/A,3799
Diesel,Hyundai,Creta,4399,4699,4599,5699,2699,28550,4799
Diesel,Hyundai,Elantra,4699,4899,4599,7399,2499,27450,4799
Diesel,Hyundai,Elite-I20,3699,3899,3999,5299,2399,#N/A,4199
Diesel,Hyundai,Eon,#N/A,#N/A,200,,2299,22550,400
Diesel,Hyundai,Getz,#N/A,#N/A,200,,2499,25550,400
Diesel,Hyundai,Getz-Prime,3699,3899,3599,5499,2499,#N/A,3799
Diesel,Hyundai,Grand-I10,3199,3499,3199,4499,2299,#N/A,3399
Diesel,Hyundai,I10,#N/A,#N/A,200,,2299,25550,400
Diesel,Hyundai,i20 Active,3699,3999,3699,5499,2399,25550,3899
Diesel,Hyundai,Santa Fe,5999,6099,6199,8899,2499,#N/A,6399
Diesel,Hyundai,Santro Xing,#N/A,#N/A,200,,2199,22550,400
Diesel,Hyundai,Sonata,4799,4999,4699,7999,2499,27450,4899
Diesel,Hyundai,Sonata Embera,4799,4999,4699,7499,2499,27450,4899
Diesel,Hyundai,Sonata Transform,4799,4999,4699,7499,2499,27450,4899
Diesel,Hyundai,Alcazar,4999,5499,5199,6999,2999,28000,5399
Diesel,Hyundai,Verna,4199,4499,4599,6499,2499,27550,4799
Diesel,Hyundai,Verna Fluidic,4199,4499,4599,5899,2499,27450,4799
Diesel,Hyundai,Verna Transform,4199,4499,4599,6699,2499,27550,4799
Diesel,Hyundai,Xcent,3399,3699,3399,4999,2499,25550,3599
Diesel,Hyundai,Venue,3699,3899,3599,6199,2699,28550,3799
Diesel,Hyundai,Santro,2699,2999,2699,4099,2199,22550,2899
Diesel,Hyundai,Aura,3099,3399,3099,4499,2299,25550,3299
Diesel,Honda,Accord,#N/A,#N/A,200,,2599,29450,400
Diesel,Honda,Amaze,3499,3699,3399,5999,2599,26550,3599
Diesel,Honda,Brio,#N/A,#N/A,,,2499,25550,200
Diesel,Honda,City,3799,4199,3899,6699,2599,27550,4099
Diesel,Honda,City i-VTEC,#N/A,#N/A,,,2599,#N/A,200
Diesel,Honda,City ZX,3799,4199,3899,6699,2499,27550,4099
Diesel,Honda,Civic,4999,4999,4699,9199,2799,29450,4899
Diesel,Honda,Crv,5199,5099,4799,9099,2799,30450,4999
Diesel,Honda,Jazz,3999,4199,3999,6199,2499,25550,4199
Diesel,Honda,WR-V,3999,4199,3999,6199,2499,25550,4199
Diesel,Honda,Mobilio,3999,4199,3999,5999,2699,29550,4199
Diesel,Toyota,Camry,#N/A,#N/A,,,2599,28450,200
Diesel,Toyota,Corolla,4199,4499,4199,7799,2499,27550,4399
Diesel,Toyota,Corolla-Altis,4199,4499,4199,7799,2499,#N/A,4399
Diesel,Toyota,Etios,3699,3899,3599,5799,2499,25550,3799
Diesel,Toyota,Etios Cross,3599,3799,3499,5699,2499,25550,3699
Diesel,Toyota,Etios Liva,3599,3799,3499,5699,2499,25550,3699
Diesel,Toyota,Fortuner,7499,7499,7199,9599,2899,37450,7399
Diesel,Toyota,Innova,5799,5999,5999,7799,2899,30550,6199
Diesel,Toyota,Land Cruiser,9999,9499,9199,10399,2799,42450,9399
Diesel,Toyota,Innova Crysta,5999,6099,5999,8299,2799,30450,6199
Diesel,Toyota,Yaris,#N/A,#N/A,200,,2499,27450,400
Diesel,Toyota,Glanza,3099,3399,3199,5099,2499,25550,3399
Diesel,Toyota,Qualis,5199,5399,5099,7799,2699,28550,5299
Diesel,Toyota,Urban Cruiser,#N/A,#N/A,200,,2499,27550,400
Diesel,Toyota,Sera,#N/A,#N/A,200,,2499,27450,400
Diesel,Mahindra,Bolero,4999,5099,4799,7399,2699,28550,4999
Diesel,Mahindra,Quanto,5299,5499,5199,7299,2699,28550,5399
Diesel,Mahindra,Scorpio,5499,5699,5699,7399,2899,30550,5899
Diesel,Mahindra,Scorpio Getaway,5299,5499,5199,7399,2899,30550,5399
Diesel,Mahindra,Thar,5999,6099,5799,8499,2699,28550,5999
Diesel,Mahindra,Verito,4199,4499,4199,7299,2499,25550,4399
Diesel,Mahindra,XUV500,5499,5699,5999,7399,2999,#N/A,6199
Diesel,Mahindra,XUV700,6499,6499,6399,7399,2999,#N/A,6599
Diesel,Mahindra,Xylo,5299,5499,5199,7399,2699,28550,5399
Diesel,Mahindra,TUV300,5499,4699,4399,7499,2699,#N/A,4599
Diesel,Mahindra,KUV100,3499,3799,3499,5699,2499,#N/A,3699
Diesel,Mahindra,Nuvosport,4499,4699,4399,6599,2499,25550,4599
Diesel,Mahindra,Logan,5199,5399,5099,7299,2499,27550,5299
Diesel,Mahindra,Marazzo,5299,5499,5199,7399,2899,30550,5399
Diesel,Mahindra,XUV300,4199,4399,4099,6399,2699,#N/A,4299
Diesel,Mahindra,3XO,4199,4399,4099,6399,2699,#N/A,4299
Diesel,Mahindra,Bolero Camper,4999,5099,4799,7399,2699,28550,4999
Diesel,Mahindra,Bolero Pickup,4999,5099,4799,7399,2699,28550,4999
Diesel,Tata,Aria,5299,5499,5199,7299,2599,28450,5399
Diesel,Tata,Bolt,3899,4199,3899,6799,2499,25550,4099
Diesel,Tata,Indica,3799,4099,3799,5099,2199,25550,3999
Diesel,Tata,Indica eV2,3799,4099,3799,5099,2199,25550,3999
Diesel,Tata,Indica V2,3799,4099,3799,5099,2199,25550,3999
Diesel,Tata,Indica Vista,3799,4099,3799,5999,2199,25550,3999
Diesel,Tata,Indigo,3899,4199,3899,5399,2499,25550,4099
Diesel,Tata,Indigo CS,3899,4199,3899,6799,2499,25550,4099
Diesel,Tata,Indigo eCS,3899,4199,3899,6799,2499,25550,4099
Diesel,Tata,Indigo Marina,3899,4199,3899,6799,2499,25550,4099
Diesel,Tata,Indigo XL,3899,4199,3899,6799,2499,25550,4099
Diesel,Tata,Manza,4399,4599,4299,7099,2499,27550,4499
Diesel,Tata,Nano,#N/A,#N/A,200,,1999,22550,400
Diesel,Tata,Nano GenX,#N/A,#N/A,200,,1999,22550,400
Diesel,Tata,Safari,6199,6499,6399,9299,2899,30550,6599
Diesel,Tata,Safari Storme,6299,6399,6399,9299,2899,30550,6599
Diesel,Tata,Sumo Gold,5799,5999,5699,8699,2699,28550,5899
Diesel,Tata,Sumo Grande,5799,5999,5699,8699,2699,28550,5899
Diesel,Tata,Sumo Spacio,5799,5999,5699,8699,2699,28550,5899
Diesel,Tata,Sumo Victa,5799,5999,5699,8699,2699,28550,5899
Diesel,Tata,Zest,4399,4599,4299,6999,2499,25550,4499
Diesel,Tata,Tiago,3699,3899,3599,5699,2599,25550,3799
Diesel,Tata,Nexon,4299,4399,4199,6599,2499,25550,4399
Diesel,Tata,Tigor,4099,4399,4099,5799,2499,25750,4299
Diesel,Tata,Hexa,5999,6499,6199,11599,2599,28450,6399
Diesel,Tata,Venture,4899,5099,4799,6999,2699,28550,4999
Diesel,Tata,Winger,4799,4999,4699,6699,2499,29550,4899
Diesel,Tata,Harrier,5299,5499,5499,7199,2799,30450,5699
Diesel,Tata,Punch,#N/A,#N/A,,,2499,25550,200
Diesel,Tata,Xenon,6299,6399,6099,9299,2899,30550,6299
Diesel,Tata,Altroz,3899,4199,3899,5499,2399,25550,4099
Diesel,Tata,Tiago NRG,3899,4199,3899,5699,2499,25550,4099
Diesel,Ford,EcoSport,3999,4199,3899,6299,2799,#N/A,4099
Diesel,Ford,Endeavour,6499,6499,6199,9099,2799,30450,6399
Diesel,Ford,Escort,4299,4499,4199,6799,2699,25550,4399
Diesel,Ford,Fiesta,4299,4499,4199,6799,2499,27550,4399
Diesel,Ford,Fiesta Classic,4299,4499,4199,6799,2499,27550,4399
Diesel,Ford,Figo,3399,3699,3399,5599,2199,25550,3599
Diesel,Ford,Figo Aspire,3699,3999,3699,5899,2499,25550,3899
Diesel,Chevrolet,Aveo,3999,4299,3999,5999,2499,25750,4199
Diesel,Chevrolet,Beat,3199,3499,3199,4899,2199,22550,3399
Diesel,Chevrolet,Captiva,5999,6199,5899,8899,2599,28450,6099
Diesel,Chevrolet,Cruze,5199,5099,4799,9199,2599,28450,4999
Diesel,Chevrolet,Enjoy,4899,5099,4799,6999,2499,27550,4999
Diesel,Chevrolet,Optra,5499,5499,5199,8899,2499,28750,5399
Diesel,Chevrolet,Optra Magnum,5899,5999,5699,8899,2499,28550,5899
Diesel,Chevrolet,Optra SRV,#N/A,#N/A,200,,2499,28550,400
Diesel,Chevrolet,Sail,3799,4099,3799,5499,2399,25550,3999
Diesel,Chevrolet,Sail Hatchback,3499,3799,3499,5399,2399,25550,3699
Diesel,Chevrolet,Spark,#N/A,#N/A,200,,2199,22550,400
Diesel,Chevrolet,Tavera,5299,5499,5199,7699,2699,28550,5399
Diesel,Chevrolet,Uva,3799,4099,3799,6199,2399,25550,3999
Diesel,Chevrolet,Trailblazer,6699,6799,6499,9799,2599,28450,6699
Diesel,Kia,Seltos,4399,4699,4599,5899,2699,28550,4799
Diesel,Kia,Sonet,3699,3899,3999,6299,2699,28550,4199
Diesel,Kia,Carnival,7999,7999,7699,9599,2899,37450,7899
Diesel,Kia,Carens,4399,4599,4299,5699,2599,28450,4499
Diesel,Skoda,Fabia,4999,5199,4899,7599,2499,25550,5099
Diesel,Skoda,Fabia Scout,4999,5199,4899,7599,2499,25550,5099
Diesel,Skoda,Laura,5499,5499,5199,7699,2499,27450,5399
Diesel,Skoda,Octavia,5699,5699,5399,8099,2499,27450,5599
Diesel,Skoda,Rapid,4999,5099,4999,8299,2499,27450,5199
Diesel,Skoda,Superb,6399,6499,6199,9399,2599,28450,6399
Diesel,Skoda,Yeti,6399,6499,6199,9199,2599,28450,6399
Diesel,Skoda,Slavia,#N/A,#N/A,200,,2799,30450,400
Diesel,Skoda,Kushaq,6499,6499,6199,9599,2799,30450,6399
Diesel,Skoda,Kodiaq,6499,6499,6199,9599,2899,37450,6399
Diesel,Volkswagen,CrossPolo,4199,4399,4099,6599,2499,#N/A,4299
Diesel,Volkswagen,Jetta,5399,5499,5199,8299,2499,32450,5399
Diesel,Volkswagen,Passat,5599,5799,5499,8299,2599,32450,5699
Diesel,Volkswagen,Polo,4199,4399,4099,6599,2599,25550,4299
Diesel,Volkswagen,Vento,4999,5099,4999,6699,2499,32450,5199
Diesel,Volkswagen,Ameo,4499,4799,4499,6799,2499,27550,4699
Diesel,Volkswagen,Beetle,#N/A,#N/A,,,2699,38550,200
Diesel,Volkswagen,Tiguan,6399,6499,6199,9299,2599,28450,6399
Diesel,Volkswagen,T-Roc,7899,7999,7699,9599,2799,#N/A,7899
Diesel,Volkswagen,Taigun,#N/A,#N/A,200,,2799,30450,400
Diesel,Volkswagen,Virtus,#N/A,#N/A,200,,2799,30450,400
Diesel,MG,Hector,6999,6999,6699,9599,2799,30450,6899
Diesel,MG,Gloster,7999,7999,7699,9599,2899,40450,7899
Diesel,MG,Astor,#N/A,#N/A,200,,2899,30550,400
Diesel,MG,Hector Plus,7999,7999,7699,9599,2799,30450,7899
Diesel,Citroen,C5 Aircross,5299,5499,5199,7199,2799,30450,5399
Diesel,Citroen,C3,#N/A,#N/A,200,,2699,28550,400
Diesel,Jeep,Compass,7999,7499,7199,9599,2799,30450,7399
Diesel,Fiat,Adventure,4099,4399,4099,6999,2499,25550,4299
Diesel,Fiat,Avventura,4099,4399,4099,6999,2499,25550,4299
Diesel,Fiat,Linea,4399,4599,4299,7099,2499,27550,4499
Diesel,Fiat,Linea Classic,4399,4599,4299,7099,2499,27550,4499
Diesel,Fiat,Palio D,3899,4199,3899,6499,2499,25550,4099
Diesel,Fiat,Palio Stile,3899,4199,3899,6499,2499,25550,4099
Diesel,Fiat,Petra,4099,4399,4099,6599,2499,25550,4299
Diesel,Fiat,Punto,3199,3499,3199,5099,4299,25550,3399
Diesel,Fiat,Punto Evo,4099,4399,4099,6999,2499,25550,4299
Diesel,Fiat,Uno,4099,4399,4099,6999,2499,25550,4299
Diesel,Fiat,Abarth Punto,#N/A,#N/A,200,,2499,25550,400
Diesel,Nissan,Evalia,5299,5399,5099,8399,2499,25550,5299
Diesel,Nissan,Micra,3199,3499,3199,5199,2199,25550,3399
Diesel,Nissan,Micra Active,#N/A,#N/A,200,,2199,25550,400
Diesel,Nissan,Sunny,4599,4499,4199,7199,2499,27450,4399
Diesel,Nissan,Teana,5399,5599,5299,7699,2499,27450,5499
Diesel,Nissan,Terrano,5199,5399,5099,8299,2699,30550,5299
Diesel,Nissan,X-Trail,5599,5699,5399,8699,2899,#N/A,5599
Diesel,Nissan,Gtr,#N/A,#N/A,200,,4299,61650,400
Diesel,Nissan,Kicks,4099,4399,4099,5899,2699,28550,4299
Diesel,Nissan,Magnite,#N/A,#N/A,200,,2699,28550,400
Diesel,Renault,Duster,5199,5399,5099,7499,2899,28550,5299
Diesel,Renault,Fluence,4899,5099,4799,7199,2499,27450,4999
Diesel,Renault,Koleos,5499,5699,5399,8499,2799,30450,5599
Diesel,Renault,Lodgy,5299,5499,5199,8399,2699,28550,5399
Diesel,Renault,Pulse,3899,4099,3799,6199,2499,25550,3999
Diesel,Renault,Scala,4899,5099,4799,7199,2499,27450,4999
Diesel,Renault,Kwid,2999,3299,2999,6199,2599,25550,3199
Diesel,Renault,Triber,3999,4099,3799,6299,2499,25550,3999
Diesel,Renault,Kiger,#N/A,#N/A,200,,2699,28550,400
Diesel,Isuzu,MU-X,5499,5699,5399,7399,2799,#N/A,5599
Diesel,Volvo,Xc60,16999,15999,15699,21499,4299,61650,15899
Diesel,Volvo,Xc90,17999,17499,17199,25099,4699,69050,17399
Diesel,Volvo,S90,17999,17499,17199,21899,4299,61650,17399
Diesel,Volvo,S60,17999,17499,17199,20699,3999,57210,17399
Diesel,Volvo,S60 Cross Country,17999,17499,17199,20899,3999,57210,17399
Diesel,Volvo,S80,17999,17499,17199,26699,4299,61650,17399
Diesel,Volvo,V40,15999,15499,15199,20699,3799,54250,15399
Diesel,Volvo,V40 Cross Country,15999,15499,15199,20899,3799,54250,15399
Diesel,Volvo,S40,,,200,,3999,57210,400
Diesel,Volvo,V60,16999,16499,16199,21699,3999,57210,16399
Diesel,Volvo,V90,16999,16499,16199,22299,4699,69050,16399
Diesel,BMW,3 Series,16999,15499,15199,20899,3999,57210,15399
Diesel,BMW,5 Series,16999,16499,16199,21899,4299,61650,16399
Diesel,BMW,7 Series,17499,19499,19199,23899,4299,61650,19399
Diesel,BMW,X1,15499,15499,15199,20899,4299,61650,15399
Diesel,BMW,X3,15499,15899,15599,21899,4299,61650,15799
Diesel,BMW,X5,17399,18499,18199,23899,4699,69050,18399
Diesel,BMW,X7,20799,23499,23199,25499,4699,69050,23399
Diesel,BMW,1 Series,15499,15099,14799,20899,3999,57210,14999
Diesel,BMW,3 Series GT,15499,15099,14799,20899,3999,57210,14999
Diesel,BMW,5 Series GT,16399,16499,16199,21899,4299,61650,16399
Diesel,BMW,6 Series,17599,17499,17199,23299,4299,61650,17399
Diesel,BMW,M3,,,200,,3999,57210,400
Diesel,BMW,M5,,,200,,4299,61650,400
Diesel,BMW,X6,20799,19499,19199,25499,4699,69050,19399
Diesel,BMW,Z4,,,200,,3999,57210,400
Diesel,BMW,X4,16399,15899,15599,21899,4299,61650,15799
Diesel,BMW,6 Series GT,16499,18099,17799,22899,4299,61650,17999
Diesel,BMW,2 Series,15599,14899,14599,20899,3999,57210,14799
Diesel,Mercedes,A-Class,15499,14899,14599,20899,3799,#N/A,14799
Diesel,Mercedes,AMG GT,,,200,,4299,61650,400
Diesel,Mercedes,B-Class,15499,14899,14599,20899,3799,#N/A,14799
Diesel,Mercedes,CLA-Class,16599,15499,15199,21499,3999,#N/A,15399
Diesel,Mercedes,CLS-Class,17599,16499,16199,23199,4299,#N/A,16399
Diesel,Mercedes,E-Class,16599,15499,15199,20099,4299,#N/A,15399
Diesel,Mercedes,G63 AMG,,,200,,4699,#N/A,400
Diesel,Mercedes,GL-Class,18599,19099,18799,29099,4699,#N/A,18999
Diesel,Mercedes,GLA-Class,15499,14899,14599,19299,4299,#N/A,14799
Diesel,Mercedes,GLE-Class,18699,18099,17799,22499,4299,#N/A,17999
Diesel,Mercedes,ML-Class,16999,18099,17799,22499,4699,#N/A,17999
Diesel,Mercedes,S-Class,17999,18099,17799,22499,4299,#N/A,17999
Diesel,Mercedes,SLK-Class,,,200,,3999,#N/A,400
Diesel,Mercedes,R-Class,18699,18099,17799,22899,4299,#N/A,17999
Diesel,Mercedes,V-Class,18699,,200,23699,4699,#N/A,400
Diesel,Mercedes,Glc,15599,15499,15199,20899,4299,61650,15399
Diesel,Mercedes,Gls,19999,19999,19699,26299,4699,69050,19899
Diesel,Mercedes,GLE43 AMG,,,200,,4699,69050,400
Diesel,Audi,A3,14999,14599,14299,19899,3999,57210,14499
Diesel,Audi,A4,15299,14899,14599,20899,3999,57210,14799
Diesel,Audi,A6,16399,15899,15599,21899,4299,61650,15799
Diesel,Audi,A7,17499,16899,16599,23099,4299,61650,16799
Diesel,Audi,A8,19799,19099,18799,29099,4299,61650,18999
Diesel,Audi,A8 L,19799,19099,18799,29099,4299,61650,18999
Diesel,Audi,Q3,15299,14899,14599,20899,4299,61650,14799
Diesel,Audi,Q5,16399,15899,15599,21899,4299,61650,15799
Diesel,Audi,Q7,20799,19999,19699,25499,4699,69050,19899
Diesel,Audi,R8,,,200,,4299,61650,400
Diesel,Audi,Tt,,,200,,3999,57210,400
Diesel,Audi,Q8,,,200,,4699,69050,400
Diesel,Audi,Rs5,,,200,,4299,61650,400
Diesel,Audi,Rs3,,,200,,3999,57210,400
Diesel,Audi,Rs7,,,200,,4299,61650,400
Diesel,Audi,Q2,15299,14899,14599,21099,3799,54250,14799
Diesel,Audi,S4,,,200,,3999,57210,400
Diesel,Audi,A5,16399,15899,15599,22299,3999,57210,15799
Diesel,Jaguar,F-Type,,,200,,4299,#N/A,400
Diesel,Jaguar,Xe,14999,14599,14299,20699,3999,57210,14499
Diesel,Jaguar,Xf,16399,15899,15599,21899,4299,61650,15799
Diesel,Jaguar,Xj,18699,18099,17799,23299,4299,61650,17999
Diesel,Jaguar,F-Pace,16399,15899,15599,21899,4299,#N/A,15799
Diesel,Jaguar,Xjr,,,200,,4299,61650,400
CNG,Maruti,800,2599,2899,2599,3399,2199,#N/A,2799
CNG,Maruti,Alto,2599,2899,2599,3899,2299,#N/A,2799
CNG,Maruti,Alto K10,2699,2999,2699,3499,2299,#N/A,2899
CNG,Maruti,A-Star,2799,3099,2799,4099,2199,#N/A,2999
CNG,Maruti,Baleno,2999,3299,2999,4999,2599,#N/A,3199
CNG,Maruti,Celerio,2799,3199,2899,4499,2299,#N/A,3099
CNG,Maruti,Ciaz,3399,3699,3399,4999,2499,#N/A,3599
CNG,Maruti,Eeco,3099,3399,3099,4299,2499,#N/A,3299
CNG,Maruti,Esteem,3099,3499,3199,4099,2499,#N/A,3399
CNG,Maruti,Ertiga,3599,3899,3599,4299,2499,#N/A,3799
CNG,Maruti,Estilo,2799,3099,2799,4099,2399,#N/A,2999
CNG,Maruti,Grand Vitara,3899,4099,3799,5599,2599,#N/A,3999
CNG,Maruti,Gypsy,3899,4199,3899,5499,2499,#N/A,4099
CNG,Maruti,Kizashi,4999,5199,4899,6299,2599,#N/A,5099
CNG,Maruti,Omni,2799,3099,2799,3899,2399,#N/A,2999
CNG,Maruti,Ritz,2799,3099,2799,4299,2199,#N/A,2999
CNG,Maruti,S-Cross,3399,3699,3399,4599,2499,#N/A,3599
CNG,Maruti,Swift,2999,3299,2999,4599,2499,#N/A,3199
CNG,Maruti,Swift Dzire,3199,3499,3199,4599,2499,#N/A,3399
CNG,Maruti,SX4,3399,3699,3399,4999,2499,#N/A,3599
CNG,Maruti,WagonR,2599,2899,2599,3899,2299,#N/A,2799
CNG,Maruti,Zen,2699,3099,2799,4299,2199,#N/A,2999
CNG,Maruti,Vitara Brezza,3699,3999,3699,4999,2699,#N/A,3899
CNG,Maruti,Ignis,2799,3099,2799,4099,2499,#N/A,2999
CNG,Maruti,S-Presso,2799,3099,2799,4899,2499,#N/A,2999
CNG,Hyundai,Accent,3199,3499,3199,4499,2499,25550,3399
CNG,Hyundai,Accent-Viva,3199,3499,3199,4499,2499,#N/A,3399
CNG,Hyundai,Creta,3899,4099,3799,5099,2699,28550,3999
CNG,Hyundai,Elantra,3899,4199,3899,5299,2499,27450,4099
CNG,Hyundai,Elite-I20,3199,3499,3199,4099,2399,#N/A,3399
CNG,Hyundai,Eon,2499,2799,2499,3899,2299,22550,2699
CNG,Hyundai,Getz,2899,3199,2899,4099,2499,25550,3099
CNG,Hyundai,Getz-Prime,,,200,,2499,#N/A,400
CNG,Hyundai,Grand-I10,2899,3199,2899,4399,2299,#N/A,3099
CNG,Hyundai,I10,2499,2799,2499,4199,2299,25550,2699
CNG,Hyundai,i20 Active,3199,3499,3199,4199,2399,25550,3399
CNG,Hyundai,Santa Fe,5999,6099,5799,8899,2499,#N/A,5999
CNG,Hyundai,Santro Xing,2699,2999,2699,4099,2199,22550,2899
CNG,Hyundai,Sonata,3999,4199,3899,5799,2499,27450,4099
CNG,Hyundai,Sonata Embera,3899,4199,3899,5299,2499,27450,4099
CNG,Hyundai,Sonata Transform,3899,4199,3899,5299,2499,27450,4099
CNG,Hyundai,Verna,3599,3899,3599,4699,2499,27550,3799
CNG,Hyundai,Verna Fluidic,3899,4099,3799,5699,2499,27450,3999
CNG,Hyundai,Verna Transform,3899,4099,3799,4799,2499,27550,3999
CNG,Hyundai,Xcent,2999,3299,2999,4399,2499,25550,3199
CNG,Hyundai,Venue,3399,3699,3399,5399,2699,28550,3599
CNG,Hyundai,Santro,2699,2999,2699,4099,2199,22550,2899
CNG,Hyundai,Aura,2999,3299,2999,4299,2299,25550,3199
CNG,Honda,Accord,4199,4499,4199,6899,2599,29450,4399
CNG,Honda,Amaze,3399,3699,3399,5499,2599,26550,3599
CNG,Honda,Brio,2799,3099,2799,4799,2499,25550,2999
CNG,Honda,City,3699,3899,3599,6599,2599,27550,3799
CNG,Honda,City i-VTEC,3699,3899,3599,6599,2599,#N/A,3799
CNG,Honda,City ZX,3699,3899,3599,5699,2499,27550,3799
CNG,Honda,Civic,3699,3899,3599,6699,2799,29450,3799
CNG,Honda,Crv,4699,4999,4199,6299,2799,30450,4399
CNG,Honda,Jazz,3199,3899,3599,5699,2499,25550,3799
CNG,Honda,Mobilio,3899,4099,3799,5499,2699,29550,3999
CNG,Toyota,Camry,6199,6499,6199,8399,2599,28450,6399
CNG,Toyota,Corolla,4199,4399,4099,6399,2499,27550,4299
CNG,Toyota,Corolla-Altis,4199,4399,4099,6499,2499,#N/A,4299
CNG,Toyota,Etios,3699,3899,3599,4499,2499,25550,3799
CNG,Toyota,Etios Cross,3599,3799,3499,4499,2499,25550,3699
CNG,Toyota,Etios Liva,3599,3799,3499,4499,2499,25550,3699
CNG,Toyota,Fortuner,,,200,,2899,37450,400
CNG,Toyota,Innova,,,200,,2899,30550,400
CNG,Toyota,Land Cruiser,,,200,,2799,42450,400
CNG,Toyota,Innova Crysta,,,200,,2799,30450,400
CNG,Toyota,Yaris,3699,3899,3599,6499,2499,27450,3799
CNG,Toyota,Glanza,3199,3399,3099,5099,2499,25550,3299
CNG,Toyota,Qualis,,,200,,2699,28550,400
CNG,Toyota,Urban Cruiser,3899,4099,3799,5099,2499,27550,3999
CNG,Toyota,Sera,,,200,,2499,27450,400
CNG,Mahindra,Bolero,,,200,,2699,28550,400
CNG,Mahindra,Quanto,,,200,,2699,28550,400
CNG,Mahindra,Scorpio,,,200,,2899,30550,400
CNG,Mahindra,Scorpio Getaway,,,200,,2899,30550,400
CNG,Mahindra,Thar,,,200,,2699,28550,400
CNG,Mahindra,Verito,3799,3899,3599,6699,2499,25550,3799
CNG,Mahindra,XUV500,,,200,,2999,#N/A,400
CNG,Mahindra,Xylo,,,200,,2699,28550,400
CNG,Mahindra,TUV300,,,200,,2699,#N/A,400
CNG,Mahindra,KUV100,3099,3499,3199,4299,2499,#N/A,3399
CNG,Mahindra,Nuvosport,,,200,,2499,25550,400
CNG,Mahindra,Logan,3599,3899,3599,5699,2499,27550,3799
CNG,Mahindra,Marazzo,,,200,,2899,30550,400
CNG,Mahindra,XUV300,,,200,,2699,#N/A,400
CNG,Mahindra,Bolero Camper,,,200,,2699,28550,400
CNG,Mahindra,Bolero Pickup,,,200,,2699,28550,400
CNG,Tata,Aria,5299,5499,5199,7299,2599,28450,5399
CNG,Tata,Bolt,3399,3699,3399,4199,2499,25550,3599
CNG,Tata,Indica,3399,3699,3399,4199,2199,25550,3599
CNG,Tata,Indica eV2,3399,3699,3399,4199,2199,25550,3599
CNG,Tata,Indica V2,3399,3699,3399,4199,2199,25550,3599
CNG,Tata,Indica Vista,3399,3699,3399,4199,2199,25550,3599
CNG,Tata,Indigo,3499,3799,3499,4199,2499,25550,3699
CNG,Tata,Indigo CS,3499,3799,3499,4199,2499,25550,3699
CNG,Tata,Indigo eCS,3499,3799,3499,4199,2499,25550,3699
CNG,Tata,Indigo Marina,3499,3799,3499,4199,2499,25550,3699
CNG,Tata,Indigo XL,3499,3799,3499,4199,2499,25550,3699
CNG,Tata,Manza,3499,3799,3499,4699,2499,27550,3699
CNG,Tata,Nano,2699,2899,2599,3499,1999,22550,2799
CNG,Tata,Nano GenX,2699,3099,2799,3499,1999,22550,2999
CNG,Tata,Safari,,,200,,2899,30550,400
CNG,Tata,Safari Storme,,,200,,2899,30550,400
CNG,Tata,Sumo Gold,,,200,,2699,28550,400
CNG,Tata,Sumo Grande,,,200,,2699,28550,400
CNG,Tata,Sumo Spacio,,,200,,2699,28550,400
CNG,Tata,Sumo Victa,,,200,,2699,28550,400
CNG,Tata,Zest,3899,4099,3799,4699,2499,25550,3999
CNG,Tata,Tiago,3399,3699,3399,4299,2599,25550,3599
CNG,Tata,Nexon,3999,4199,3899,5499,2499,25550,4099
CNG,Tata,Tigor,3499,3799,3499,4299,2499,25750,3699
CNG,Tata,Hexa,,,200,,2599,28450,400
CNG,Tata,Venture,,,200,,2699,28550,400
CNG,Tata,Winger,,,200,,2499,29550,400
CNG,Tata,Harrier,,,200,,2799,30450,400
CNG,Tata,Punch,,,200,,2499,25550,400
CNG,Tata,Xenon,,,200,,2899,30550,400
CNG,Tata,Altroz,3199,3499,3199,4099,2399,25550,3399
CNG,Tata,Tiago NRG,,,200,,2499,25550,400
CNG,Ford,EcoSport,3999,4299,3999,5499,2799,#N/A,4199
CNG,Ford,Endeavour,,,200,,2799,30450,400
CNG,Ford,Escort,3899,4099,3799,5599,2699,25550,3999
CNG,Ford,Fiesta,3699,3899,3599,5799,2499,27550,3799
CNG,Ford,Fiesta Classic,3699,3899,3599,5799,2499,27550,3799
CNG,Ford,Figo,2999,3299,2999,5499,2199,25550,3199
CNG,Ford,Figo Aspire,3599,3899,3599,5699,2499,25550,3799
CNG,Chevrolet,Aveo,3799,4099,3799,5399,2499,25750,3999
CNG,Chevrolet,Beat,2799,2999,2699,4899,2199,22550,2899
CNG,Chevrolet,Captiva,,,200,,2599,28450,400
CNG,Chevrolet,Cruze,4499,4499,4199,7399,2599,28450,4399
CNG,Chevrolet,Enjoy,4099,4299,3999,5899,2499,27550,4199
CNG,Chevrolet,Optra,4399,4499,4199,6199,2499,28750,4399
CNG,Chevrolet,Optra Magnum,4399,4599,4299,6199,2499,28550,4499
CNG,Chevrolet,Optra SRV,4199,4399,4099,6099,2499,28550,4299
CNG,Chevrolet,Sail,3699,3999,3699,5399,2399,25550,3899
CNG,Chevrolet,Sail Hatchback,3499,3799,3499,5299,2399,25550,3699
CNG,Chevrolet,Spark,2999,3099,2799,4299,2199,22550,2999
CNG,Chevrolet,Tavera,,,200,,2699,28550,400
CNG,Chevrolet,Uva,3799,4099,3799,5299,2399,25550,3999
CNG,Chevrolet,Trailblazer,,,200,,2599,28450,400
CNG,Kia,Seltos,3899,4099,3799,5199,2699,28550,3999
CNG,Kia,Sonet,3399,3699,3399,5499,2699,28550,3599
CNG,Kia,Carnival,,,200,,2899,37450,400
CNG,Kia,Carens,,,200,,2599,28450,400
CNG,Skoda,Fabia,3999,4099,3799,7099,2499,25550,3999
CNG,Skoda,Fabia Scout,3999,4099,3799,7099,2499,25550,3999
CNG,Skoda,Laura,4599,4699,4399,6099,2499,27450,4599
CNG,Skoda,Octavia,5299,5499,5199,7099,2499,27450,5399
CNG,Skoda,Rapid,4599,4699,4399,7199,2499,27450,4599
CNG,Skoda,Superb,6499,6499,6199,8299,2599,28450,6399
CNG,Skoda,Yeti,,,200,,2599,28450,400
CNG,Skoda,Slavia,,,200,,2799,30450,400
CNG,Skoda,Kushaq,,,200,,2799,30450,400
CNG,Skoda,Kodiaq,,,200,,2899,37450,400
CNG,Volkswagen,CrossPolo,4199,4199,3899,5899,2499,#N/A,4099
CNG,Volkswagen,Jetta,5299,5399,5099,7199,2499,32450,5299
CNG,Volkswagen,Passat,5699,5699,5399,7199,2599,32450,5599
CNG,Volkswagen,Polo,4199,4199,3899,5899,2599,25550,4099
CNG,Volkswagen,Vento,4599,4699,4399,6499,2499,32450,4599
CNG,Volkswagen,Ameo,4299,4499,4199,5999,2499,27550,4399
CNG,Volkswagen,Beetle,,,200,,2699,38550,400
CNG,Volkswagen,Tiguan,,,200,,2599,28450,400
CNG,Volkswagen,T-Roc,,,200,,2799,#N/A,400
CNG,Volkswagen,Taigun,,,200,,2799,30450,400
CNG,Volkswagen,Virtus,,,200,,2799,30450,400
CNG,MG,Hector,,,200,,2799,30450,400
CNG,MG,Gloster,,,200,,2899,40450,400
CNG,MG,Astor,,,200,,2899,30550,400
CNG,MG,Hector Plus,,,200,,2799,30450,400
CNG,Citroen,C5 Aircross,,,200,,2799,30450,400
CNG,Citroen,C3,3999,4199,3899,5499,2699,28550,4099
CNG,Jeep,Compass,,,200,,2799,30450,400
CNG,Fiat,Adventure,3899,4099,3799,5299,2499,25550,3999
CNG,Fiat,Avventura,3899,4099,3799,5299,2499,25550,3999
CNG,Fiat,Linea,4199,4199,3899,5499,2499,27550,4099
CNG,Fiat,Linea Classic,4099,4399,4099,5499,2499,27550,4299
CNG,Fiat,Palio D,3699,3999,3699,5499,2499,25550,3899
CNG,Fiat,Palio Stile,3699,3999,3699,5499,2499,25550,3899
CNG,Fiat,Petra,3899,4099,3799,5499,2499,25550,3999
CNG,Fiat,Punto,3099,3399,3099,5099,4299,25550,3299
CNG,Fiat,Punto Evo,,,200,,2499,25550,400
CNG,Fiat,Uno,3599,3899,3599,5099,2499,25550,3799
CNG,Fiat,Abarth Punto,,,200,,2499,25550,400
CNG,Nissan,Evalia,,,200,,2499,25550,400
CNG,Nissan,Micra,3199,3499,3199,5199,2199,25550,3399
CNG,Nissan,Micra Active,3199,3499,3199,5199,2199,25550,3399
CNG,Nissan,Sunny,4399,4499,4199,5899,2499,27450,4399
CNG,Nissan,Teana,5099,5299,4999,6899,2499,27450,5199
CNG,Nissan,Terrano,,,200,,2699,30550,400
CNG,Nissan,X-Trail,,,200,,2899,#N/A,400
CNG,Nissan,Gtr,,,200,,4299,61650,400
CNG,Nissan,Kicks,3999,4099,3799,5199,2699,28550,3999
CNG,Nissan,Magnite,4199,4499,4199,5499,2699,28550,4399
CNG,Renault,Duster,,,200,,2899,28550,400
CNG,Renault,Fluence,4399,4599,4299,5899,2499,27450,4499
CNG,Renault,Koleos,,,200,,2799,30450,400
CNG,Renault,Lodgy,,,200,,2699,28550,400
CNG,Renault,Pulse,3699,3899,3599,5099,2499,25550,3799
CNG,Renault,Scala,4399,4499,4199,5899,2499,27450,4399
CNG,Renault,Kwid,2999,3199,2899,5099,2599,25550,3099
CNG,Renault,Triber,3999,4099,3799,5099,2499,25550,3999
CNG,Renault,Kiger,4599,4499,4199,5499,2699,28550,4399
CNG,Isuzu,MU-X,,,200,,2799,#N/A,400
CNG,Volvo,Xc60,,,200,,4299,61650,400
CNG,Volvo,Xc90,,,200,,4699,69050,400
CNG,Volvo,S90,,,200,,4299,61650,400
CNG,Volvo,S60,,,200,,3999,57210,400
CNG,Volvo,S60 Cross Country,,,200,,3999,57210,400
CNG,Volvo,S80,,,200,,4299,61650,400
CNG,Volvo,V40,,,200,,3799,54250,400
CNG,Volvo,V40 Cross Country,,,200,,3799,54250,400
CNG,Volvo,S40,,,200,,3999,57210,400
CNG,Volvo,V60,,,200,,3999,57210,400
CNG,Volvo,V90,,,200,,4699,69050,400
CNG,BMW,3 Series,,,200,,3999,57210,400
CNG,BMW,5 Series,,,200,,4299,61650,400
CNG,BMW,7 Series,,,200,,4299,61650,400
CNG,BMW,X1,,,200,,4299,61650,400
CNG,BMW,X3,,,200,,4299,61650,400
CNG,BMW,X5,,,200,,4699,69050,400
CNG,BMW,X7,,,200,,4699,69050,400
CNG,BMW,1 Series,,,200,,3999,57210,400
CNG,BMW,3 Series GT,,,200,,3999,57210,400
CNG,BMW,5 Series GT,,,200,,4299,61650,400
CNG,BMW,6 Series,,,200,,4299,61650,400
CNG,BMW,M3,,,200,,3999,57210,400
CNG,BMW,M5,,,200,,4299,61650,400
CNG,BMW,X6,,,200,,4699,69050,400
CNG,BMW,Z4,,,200,,3999,57210,400
CNG,BMW,X4,,,200,,4299,61650,400
CNG,BMW,6 Series GT,,,200,,4299,61650,400
CNG,BMW,2 Series,,,200,,3999,57210,400
CNG,Mercedes,A-Class,,,200,,3799,#N/A,400
CNG,Mercedes,AMG GT,,,200,,4299,61650,400
CNG,Mercedes,B-Class,,,200,,3799,#N/A,400
CNG,Mercedes,CLA-Class,,,200,,3999,#N/A,400
CNG,Mercedes,CLS-Class,,,200,,4299,#N/A,400
CNG,Mercedes,E-Class,,,200,,4299,#N/A,400
CNG,Mercedes,G63 AMG,,,200,,4699,#N/A,400
CNG,Mercedes,GL-Class,,,200,,4699,#N/A,400
CNG,Mercedes,GLA-Class,,,200,,4299,#N/A,400
CNG,Mercedes,GLE-Class,,,200,,4299,#N/A,400
CNG,Mercedes,ML-Class,,,200,,4699,#N/A,400
CNG,Mercedes,S-Class,,,200,,4299,#N/A,400
CNG,Mercedes,SLK-Class,,,200,,3999,#N/A,400
CNG,Mercedes,R-Class,,,200,,4299,#N/A,400
CNG,Mercedes,V-Class,,,200,,4699,#N/A,400
CNG,Mercedes,Glc,,,200,,4299,61650,400
CNG,Mercedes,Gls,,,200,,4699,69050,400
CNG,Mercedes,GLE43 AMG,,,200,,4699,69050,400
CNG,Audi,A3,,,200,,3999,57210,400
CNG,Audi,A4,,,200,,3999,57210,400
CNG,Audi,A6,,,200,,4299,61650,400
CNG,Audi,A7,,,200,,4299,61650,400
CNG,Audi,A8,,,200,,4299,61650,400
CNG,Audi,A8 L,,,200,,4299,61650,400
CNG,Audi,Q3,,,200,,4299,61650,400
CNG,Audi,Q5,,,200,,4299,61650,400
CNG,Audi,Q7,,,200,,4699,69050,400
CNG,Audi,R8,,,200,,4299,61650,400
CNG,Audi,Tt,,,200,,3999,57210,400
CNG,Audi,Q8,,,200,,4699,69050,400
CNG,Audi,Rs5,,,200,,4299,61650,400
CNG,Audi,Rs3,,,200,,3999,57210,400
CNG,Audi,Rs7,,,200,,4299,61650,400
CNG,Audi,Q2,,,200,,3799,54250,400
CNG,Audi,S4,,,200,,3999,57210,400
CNG,Audi,A5,,,200,,3999,57210,400
CNG,Jaguar,F-Type,,,200,,4299,#N/A,400
CNG,Jaguar,Xe,,,200,,3999,57210,400
CNG,Jaguar,Xf,,,200,,4299,61650,400
CNG,Jaguar,Xj,,,200,,4299,61650,400
CNG,Jaguar,F-Pace,,,200,,4299,#N/A,400
CNG,Jaguar,Xjr,,,200,,4299,61650,400
